CIN,Change_Type,Field_Changed,Old_Value,New_Value,Date
U37240547877233488907,New Incorporation,,,,2025-10-16
L16372580072404572298,New Incorporation,,,,2025-10-16
U00962155647610844931,New Incorporation,,,,2025-10-16
U21708693258839481140,New Incorporation,,,,2025-10-16
U89381383470088318350,New Incorporation,,,,2025-10-16
L15159217336789731946,New Incorporation,,,,2025-10-16
L86339622457067491358,New Incorporation,,,,2025-10-16
L17096457352617671238,New Incorporation,,,,2025-10-16
U04993684384873649344,New Incorporation,,,,2025-10-16
U42617858529214354532,New Incorporation,,,,2025-10-16
U09648641318111087114,New Incorporation,,,,2025-10-16
L48885548976654322535,New Incorporation,,,,2025-10-16
L69694637826980161602,New Incorporation,,,,2025-10-16
U47528795013127853169,New Incorporation,,,,2025-10-16
U29743542430063050782,New Incorporation,,,,2025-10-16
L34369535372715705899,New Incorporation,,,,2025-10-16
L26236299196409726595,New Incorporation,,,,2025-10-16
L56924054683854107565,New Incorporation,,,,2025-10-16
U53659889301797130637,New Incorporation,,,,2025-10-16
L84993746277287073598,New Incorporation,,,,2025-10-16
L87539864186889464297,New Incorporation,,,,2025-10-16
U43158065203812119726,New Incorporation,,,,2025-10-16
U42630556725918129180,New Incorporation,,,,2025-10-16
L24274995178255197477,New Incorporation,,,,2025-10-16
U37726442126213460792,New Incorporation,,,,2025-10-16
L98981361023751814367,New Incorporation,,,,2025-10-16
U68734491668834696977,New Incorporation,,,,2025-10-16
L03921698060402730077,New Incorporation,,,,2025-10-16
L72021131740560286355,New Incorporation,,,,2025-10-16
L05594494571503928250,New Incorporation,,,,2025-10-16
U92912001287866463403,New Incorporation,,,,2025-10-16
L21444342048832017076,New Incorporation,,,,2025-10-16
U08065883854868439248,New Incorporation,,,,2025-10-16
L15346575973620885179,New Incorporation,,,,2025-10-16
L79559665385323214152,New Incorporation,,,,2025-10-16
L19244566018915021249,New Incorporation,,,,2025-10-16
L05906949308613371497,New Incorporation,,,,2025-10-16
L62325898095036389480,New Incorporation,,,,2025-10-16
L80321768135272125170,New Incorporation,,,,2025-10-16
L84738961214148186647,New Incorporation,,,,2025-10-16
U57855042685468449346,New Incorporation,,,,2025-10-16
L23631958107002489100,New Incorporation,,,,2025-10-16
U19692716286815413376,New Incorporation,,,,2025-10-16
U69808457163856575670,New Incorporation,,,,2025-10-16
U92963486359698392708,New Incorporation,,,,2025-10-16
L13261090526744179098,New Incorporation,,,,2025-10-16
L00841205522604243581,New Incorporation,,,,2025-10-16
L05825204936596436657,New Incorporation,,,,2025-10-16
U20530439916738256658,New Incorporation,,,,2025-10-16
L58062302650836364032,New Incorporation,,,,2025-10-16
L31906357665338488311,New Incorporation,,,,2025-10-16
L55532011965784237216,New Incorporation,,,,2025-10-16
L15358997078594558318,New Incorporation,,,,2025-10-16
U25842745130303155787,New Incorporation,,,,2025-10-16
L76795263947667922109,New Incorporation,,,,2025-10-16
L52860644135964820383,New Incorporation,,,,2025-10-16
L87869581315066637414,New Incorporation,,,,2025-10-16
L17006927870050754530,New Incorporation,,,,2025-10-16
U71883334714170623726,New Incorporation,,,,2025-10-16
U67560360053248999249,New Incorporation,,,,2025-10-16
U94523219801760495430,New Incorporation,,,,2025-10-16
L75939667152733155072,New Incorporation,,,,2025-10-16
L94793993886973752626,New Incorporation,,,,2025-10-16
U95206949474401462012,New Incorporation,,,,2025-10-16
L86010886924368178998,New Incorporation,,,,2025-10-16
L28812801192929177718,New Incorporation,,,,2025-10-16
U16647408313813142918,New Incorporation,,,,2025-10-16
L89297033516495559793,New Incorporation,,,,2025-10-16
U10569497836751684132,New Incorporation,,,,2025-10-16
L78268392402773177932,New Incorporation,,,,2025-10-16
U35644165032269378243,New Incorporation,,,,2025-10-16
L54370807384288337185,New Incorporation,,,,2025-10-16
L96342332944633853151,New Incorporation,,,,2025-10-16
U70301758128852416975,New Incorporation,,,,2025-10-16
U94308553177266447300,New Incorporation,,,,2025-10-16
L80809915506717854880,New Incorporation,,,,2025-10-16
L98551685741300515092,New Incorporation,,,,2025-10-16
U53341413945583453516,New Incorporation,,,,2025-10-16
L70728198504985630417,New Incorporation,,,,2025-10-16
L47971675482938576120,New Incorporation,,,,2025-10-16
U66003436267557765595,New Incorporation,,,,2025-10-16
L10817837899469302426,New Incorporation,,,,2025-10-16
U93940408628168594654,New Incorporation,,,,2025-10-16
U44021642700503508388,New Incorporation,,,,2025-10-16
L33209205723465167058,New Incorporation,,,,2025-10-16
L90284916136366058129,New Incorporation,,,,2025-10-16
L84591228679853076174,New Incorporation,,,,2025-10-16
L91482853675454706991,New Incorporation,,,,2025-10-16
U70054861620727610605,New Incorporation,,,,2025-10-16
L80338445008230871765,New Incorporation,,,,2025-10-16
L88190143387501519445,New Incorporation,,,,2025-10-16
L45308476708027005452,New Incorporation,,,,2025-10-16
L15642335903939083629,New Incorporation,,,,2025-10-16
L43309338360617092797,New Incorporation,,,,2025-10-16
L78445624094306079194,New Incorporation,,,,2025-10-16
L77903366746782234906,New Incorporation,,,,2025-10-16
L51947348115528027737,New Incorporation,,,,2025-10-16
L06996923338598369892,New Incorporation,,,,2025-10-16
L68949109046887045530,New Incorporation,,,,2025-10-16
U10841932609369433173,New Incorporation,,,,2025-10-16
U45118259439179615760,New Incorporation,,,,2025-10-16
U46426001083646600291,New Incorporation,,,,2025-10-16
L64833736309832287966,New Incorporation,,,,2025-10-16
U98400199430339308234,New Incorporation,,,,2025-10-16
L35951534665955320228,New Incorporation,,,,2025-10-16
U46507890725974766685,New Incorporation,,,,2025-10-16
L16514543821878920023,New Incorporation,,,,2025-10-16
L84322490456821286814,New Incorporation,,,,2025-10-16
L24665863985086553327,New Incorporation,,,,2025-10-16
L83786045797883520508,New Incorporation,,,,2025-10-16
U80853469372105179383,New Incorporation,,,,2025-10-16
U71758617863833873776,New Incorporation,,,,2025-10-16
L06276600114861447871,New Incorporation,,,,2025-10-16
L56277872580217597156,New Incorporation,,,,2025-10-16
L57885717206000339592,New Incorporation,,,,2025-10-16
L43186771429885374275,New Incorporation,,,,2025-10-16
U58892236297753415254,New Incorporation,,,,2025-10-16
L57503618776312547550,New Incorporation,,,,2025-10-16
U89259489084097651421,New Incorporation,,,,2025-10-16
L94746568296921630555,New Incorporation,,,,2025-10-16
U74364343770231471865,New Incorporation,,,,2025-10-16
U56762549306716543195,New Incorporation,,,,2025-10-16
L69631718488773313352,New Incorporation,,,,2025-10-16
L39950360795498145648,New Incorporation,,,,2025-10-16
U69405761438905284588,New Incorporation,,,,2025-10-16
L36797129963577611230,New Incorporation,,,,2025-10-16
U25225498022572257592,New Incorporation,,,,2025-10-16
L98563908523955834421,New Incorporation,,,,2025-10-16
U51277097199794074030,New Incorporation,,,,2025-10-16
L92888630273991769814,New Incorporation,,,,2025-10-16
L08692652704729591814,New Incorporation,,,,2025-10-16
U45771895623565416483,New Incorporation,,,,2025-10-16
L70059050527504725459,New Incorporation,,,,2025-10-16
U26003338525116262133,New Incorporation,,,,2025-10-16
L50669867380720154287,New Incorporation,,,,2025-10-16
L77960334953157765164,New Incorporation,,,,2025-10-16
L76312681636465164800,New Incorporation,,,,2025-10-16
L69990796653716226247,New Incorporation,,,,2025-10-16
U00590126148977108938,New Incorporation,,,,2025-10-16
U08539684476791825516,New Incorporation,,,,2025-10-16
L73160196906421688997,New Incorporation,,,,2025-10-16
L43319374997594398949,New Incorporation,,,,2025-10-16
L42844330682120561753,New Incorporation,,,,2025-10-16
L83219832671644241350,New Incorporation,,,,2025-10-16
L91376046308417129016,New Incorporation,,,,2025-10-16
L53542621364896881033,New Incorporation,,,,2025-10-16
U49443221435117524212,New Incorporation,,,,2025-10-16
U48999957442612173977,New Incorporation,,,,2025-10-16
L10411679730603715584,New Incorporation,,,,2025-10-16
L01600136343385256673,New Incorporation,,,,2025-10-16
L20727740969478660311,New Incorporation,,,,2025-10-16
L46483870360717370486,New Incorporation,,,,2025-10-16
L81215652211475849389,New Incorporation,,,,2025-10-16
L18789337076689610064,New Incorporation,,,,2025-10-16
U78088594678892706411,New Incorporation,,,,2025-10-16
U92998427266604067602,New Incorporation,,,,2025-10-16
U87629352875362970244,New Incorporation,,,,2025-10-16
L55589751358159996784,New Incorporation,,,,2025-10-16
L59731411598356573062,New Incorporation,,,,2025-10-16
L58510246992893912424,New Incorporation,,,,2025-10-16
L65247516730136151612,New Incorporation,,,,2025-10-16
L83674085229071068577,New Incorporation,,,,2025-10-16
L35152818471529479042,New Incorporation,,,,2025-10-16
L19016008132369118564,New Incorporation,,,,2025-10-16
L15344333101605312655,New Incorporation,,,,2025-10-16
L06699375331134753671,New Incorporation,,,,2025-10-16
L09512705252743843777,New Incorporation,,,,2025-10-16
U50971580579145423638,New Incorporation,,,,2025-10-16
U67524071968036811523,New Incorporation,,,,2025-10-16
L42206901334130109933,New Incorporation,,,,2025-10-16
L85268216638700452895,New Incorporation,,,,2025-10-16
L05036123583563524936,New Incorporation,,,,2025-10-16
L80924123380885057440,New Incorporation,,,,2025-10-16
U17536709339853078449,New Incorporation,,,,2025-10-16
U56501629153452022536,New Incorporation,,,,2025-10-16
U46010459876428422250,New Incorporation,,,,2025-10-16
L83796273140772038806,New Incorporation,,,,2025-10-16
L26550157414854958692,New Incorporation,,,,2025-10-16
L46928074981096984337,New Incorporation,,,,2025-10-16
L06711035433966161304,New Incorporation,,,,2025-10-16
L94500138650434823722,New Incorporation,,,,2025-10-16
U65565494879339427649,New Incorporation,,,,2025-10-16
U18531924862317524404,New Incorporation,,,,2025-10-16
U90522529543716316038,New Incorporation,,,,2025-10-16
U50543555163891438377,New Incorporation,,,,2025-10-16
L77998876926317104984,New Incorporation,,,,2025-10-16
U99098009755837317638,New Incorporation,,,,2025-10-16
U69004843740639456102,New Incorporation,,,,2025-10-16
L11971627676564600844,New Incorporation,,,,2025-10-16
U09159740913361666255,New Incorporation,,,,2025-10-16
L71687873968836529571,New Incorporation,,,,2025-10-16
L98544215064389032546,New Incorporation,,,,2025-10-16
U36528490549730179745,New Incorporation,,,,2025-10-16
L14132456978336998159,New Incorporation,,,,2025-10-16
L19865001551094415819,New Incorporation,,,,2025-10-16
L07491259574469485674,New Incorporation,,,,2025-10-16
L79985400830925791701,New Incorporation,,,,2025-10-16
L36552934872590296612,New Incorporation,,,,2025-10-16
L30435595262590768271,New Incorporation,,,,2025-10-16
L44159302896508805619,New Incorporation,,,,2025-10-16
U17833416453774520882,New Incorporation,,,,2025-10-16
U63696902648620494609,New Incorporation,,,,2025-10-16
U29118336991225243279,New Incorporation,,,,2025-10-16
U59505222997438801746,New Incorporation,,,,2025-10-16
L40971541905527828745,New Incorporation,,,,2025-10-16
L35592749319069222921,New Incorporation,,,,2025-10-16
L84831204006175389792,New Incorporation,,,,2025-10-16
L98587708582258622182,New Incorporation,,,,2025-10-16
L71882586321990903389,New Incorporation,,,,2025-10-16
U29936126692024630512,New Incorporation,,,,2025-10-16
L99931826307356791892,New Incorporation,,,,2025-10-16
L10594208755313168188,New Incorporation,,,,2025-10-16
L22919277111965010651,New Incorporation,,,,2025-10-16
L50123581781868517987,New Incorporation,,,,2025-10-16
U61468786209651093354,New Incorporation,,,,2025-10-16
L88799015948419380062,New Incorporation,,,,2025-10-16
U86580109240375002977,New Incorporation,,,,2025-10-16
L11968867920671839827,New Incorporation,,,,2025-10-16
L44094162322340379684,New Incorporation,,,,2025-10-16
U49778953245216482753,New Incorporation,,,,2025-10-16
L75094723656881235457,New Incorporation,,,,2025-10-16
U55013207638309000301,New Incorporation,,,,2025-10-16
L96098633965285191049,New Incorporation,,,,2025-10-16
U35989888282924580739,New Incorporation,,,,2025-10-16
U73183892669318371794,New Incorporation,,,,2025-10-16
L69221014093990974932,New Incorporation,,,,2025-10-16
L88433879962387029117,New Incorporation,,,,2025-10-16
U54065165474150456105,New Incorporation,,,,2025-10-16
L45701825416303566625,New Incorporation,,,,2025-10-16
L18727822179076620384,New Incorporation,,,,2025-10-16
L60301046274447117899,New Incorporation,,,,2025-10-16
L22427467472676175923,New Incorporation,,,,2025-10-16
L95022935693507682102,New Incorporation,,,,2025-10-16
L20572409690876964440,New Incorporation,,,,2025-10-16
L17558733801153922257,New Incorporation,,,,2025-10-16
L35729033082457525035,New Incorporation,,,,2025-10-16
U91754161419168463121,New Incorporation,,,,2025-10-16
U89304550674114663286,New Incorporation,,,,2025-10-16
U79748708488992766911,New Incorporation,,,,2025-10-16
U64783370353548983379,New Incorporation,,,,2025-10-16
L58313029894524753180,New Incorporation,,,,2025-10-16
L73096440958874080742,New Incorporation,,,,2025-10-16
L33622580400223253707,New Incorporation,,,,2025-10-16
U61098433020448744616,New Incorporation,,,,2025-10-16
U94985790962854772114,New Incorporation,,,,2025-10-16
L45091385719403908162,New Incorporation,,,,2025-10-16
L39220234254255710369,New Incorporation,,,,2025-10-16
U74119429276048307410,New Incorporation,,,,2025-10-16
L83824024570204738554,New Incorporation,,,,2025-10-16
L33613030119275587150,New Incorporation,,,,2025-10-16
U53536822100268160154,New Incorporation,,,,2025-10-16
U48850965863615513777,New Incorporation,,,,2025-10-16
U02886223661466599720,New Incorporation,,,,2025-10-16
U17733839821721774854,New Incorporation,,,,2025-10-16
L53235411250676253424,New Incorporation,,,,2025-10-16
U32981375661399528391,New Incorporation,,,,2025-10-16
L25700158327984812665,New Incorporation,,,,2025-10-16
U75985431514029467661,New Incorporation,,,,2025-10-16
L88273657531638864228,New Incorporation,,,,2025-10-16
L04679064902690640008,New Incorporation,,,,2025-10-16
U34339059966765728239,New Incorporation,,,,2025-10-16
U79041947880679252821,New Incorporation,,,,2025-10-16
U95945294831422334636,New Incorporation,,,,2025-10-16
U08824759982654343265,New Incorporation,,,,2025-10-16
L53467415826752025305,New Incorporation,,,,2025-10-16
U70268778927076705644,New Incorporation,,,,2025-10-16
L74716439545800517653,New Incorporation,,,,2025-10-16
U10039105396549148816,New Incorporation,,,,2025-10-16
L90036645146859328656,New Incorporation,,,,2025-10-16
L68881055374680836333,New Incorporation,,,,2025-10-16
L60092116913157934324,New Incorporation,,,,2025-10-16
U31214541483912283006,New Incorporation,,,,2025-10-16
L79633586447500875019,New Incorporation,,,,2025-10-16
L62493944599577871909,New Incorporation,,,,2025-10-16
U50083846057082005502,New Incorporation,,,,2025-10-16
U60772436674474021947,New Incorporation,,,,2025-10-16
L26596694866204749281,New Incorporation,,,,2025-10-16
L15271082069440867854,New Incorporation,,,,2025-10-16
L15609453546301591436,New Incorporation,,,,2025-10-16
U21054128260687697318,New Incorporation,,,,2025-10-16
L08615106114460723839,New Incorporation,,,,2025-10-16
L32912005471375030147,New Incorporation,,,,2025-10-16
L54363999847532501634,New Incorporation,,,,2025-10-16
U60137950946587346748,New Incorporation,,,,2025-10-16
L20550242929244304943,New Incorporation,,,,2025-10-16
U40313740608225955045,New Incorporation,,,,2025-10-16
U31360357784121850266,New Incorporation,,,,2025-10-16
U35977500210056720473,New Incorporation,,,,2025-10-16
U70339430691924797185,New Incorporation,,,,2025-10-16
L64945623069165316648,New Incorporation,,,,2025-10-16
L95490410356847782286,New Incorporation,,,,2025-10-16
U65299987778071305904,New Incorporation,,,,2025-10-16
U44868855371409105134,New Incorporation,,,,2025-10-16
U56025268209500781847,New Incorporation,,,,2025-10-16
L64179912964921590744,New Incorporation,,,,2025-10-16
U72480833398573209637,New Incorporation,,,,2025-10-16
L03599384789450631425,New Incorporation,,,,2025-10-16
L80006457112223218528,New Incorporation,,,,2025-10-16
L57385424435290663810,New Incorporation,,,,2025-10-16
L37378441832123859487,New Incorporation,,,,2025-10-16
L70771358776812975989,New Incorporation,,,,2025-10-16
L15462291290446320721,New Incorporation,,,,2025-10-16
L05178347242922666974,New Incorporation,,,,2025-10-16
L45640816770968277874,New Incorporation,,,,2025-10-16
U66046151202643770881,New Incorporation,,,,2025-10-16
U42471459774838653175,New Incorporation,,,,2025-10-16
U87921402023644073941,New Incorporation,,,,2025-10-16
U10458455230304774915,New Incorporation,,,,2025-10-16
U01758046883332746958,New Incorporation,,,,2025-10-16
L22102269807023701454,New Incorporation,,,,2025-10-16
U69699354076499692741,New Incorporation,,,,2025-10-16
L06391730762261465961,New Incorporation,,,,2025-10-16
L15353338622553838311,New Incorporation,,,,2025-10-16
U10295842444646841473,New Incorporation,,,,2025-10-16
L63056358393942918044,New Incorporation,,,,2025-10-16
U58641312923529008848,New Incorporation,,,,2025-10-16
L74147324610467798069,New Incorporation,,,,2025-10-16
L04607262371598984258,New Incorporation,,,,2025-10-16
L97795784001146633921,New Incorporation,,,,2025-10-16
U77154244422361933097,New Incorporation,,,,2025-10-16
U55223050365738974545,New Incorporation,,,,2025-10-16
U10789451437747595392,New Incorporation,,,,2025-10-16
L08742448614817231858,New Incorporation,,,,2025-10-16
L75746763495589152153,New Incorporation,,,,2025-10-16
L20938955091512348389,New Incorporation,,,,2025-10-16
L93748329708387228238,New Incorporation,,,,2025-10-16
L92533991336476987809,New Incorporation,,,,2025-10-16
L86947163806574008959,New Incorporation,,,,2025-10-16
L22077851079369307989,New Incorporation,,,,2025-10-16
L48958033995909420523,New Incorporation,,,,2025-10-16
U43674866739540815724,New Incorporation,,,,2025-10-16
L93651976670073474935,New Incorporation,,,,2025-10-16
L05300449638364457425,New Incorporation,,,,2025-10-16
L10969238508847678194,New Incorporation,,,,2025-10-16
L18923433498852593255,New Incorporation,,,,2025-10-16
L83850218088770792600,New Incorporation,,,,2025-10-16
U71442943498602833952,New Incorporation,,,,2025-10-16
L47315809698989247730,New Incorporation,,,,2025-10-16
U89488048655603053083,New Incorporation,,,,2025-10-16
U29893632908000466905,New Incorporation,,,,2025-10-16
U68412239695263976687,New Incorporation,,,,2025-10-16
U76865089417320423864,New Incorporation,,,,2025-10-16
L26977240879190387295,New Incorporation,,,,2025-10-16
U43931842588473466674,New Incorporation,,,,2025-10-16
L80422126777061934033,New Incorporation,,,,2025-10-16
L72263589115201631733,New Incorporation,,,,2025-10-16
U03830362950320234511,New Incorporation,,,,2025-10-16
U30034639096117999491,New Incorporation,,,,2025-10-16
L84870278353815293179,New Incorporation,,,,2025-10-16
L76871935162217500674,New Incorporation,,,,2025-10-16
U25796860845113346093,New Incorporation,,,,2025-10-16
L98023659903521193091,New Incorporation,,,,2025-10-16
U07155472936671139898,New Incorporation,,,,2025-10-16
L39825620196609695566,New Incorporation,,,,2025-10-16
L29654911087704519458,New Incorporation,,,,2025-10-16
L10235943739125778617,New Incorporation,,,,2025-10-16
L01510037535583590660,New Incorporation,,,,2025-10-16
L57983188724120341255,New Incorporation,,,,2025-10-16
L48619099397514855642,New Incorporation,,,,2025-10-16
U26131347192948948394,New Incorporation,,,,2025-10-16
L37141588033091592822,New Incorporation,,,,2025-10-16
L61866089819811722695,New Incorporation,,,,2025-10-16
U42188476248326747486,New Incorporation,,,,2025-10-16
L85846360674145155009,New Incorporation,,,,2025-10-16
L60390321056588118040,New Incorporation,,,,2025-10-16
U15210372494487700179,New Incorporation,,,,2025-10-16
L00613315917306552965,New Incorporation,,,,2025-10-16
L54994849539031926607,New Incorporation,,,,2025-10-16
U00452220409925528724,New Incorporation,,,,2025-10-16
L58792464740435241554,New Incorporation,,,,2025-10-16
U76964841234264456997,New Incorporation,,,,2025-10-16
L55154257802270421726,New Incorporation,,,,2025-10-16
U81275034202810664104,New Incorporation,,,,2025-10-16
L21499451402222705500,New Incorporation,,,,2025-10-16
U12852149402684329866,New Incorporation,,,,2025-10-16
U87568503762922090504,New Incorporation,,,,2025-10-16
L95155155546408219571,New Incorporation,,,,2025-10-16
U29333568277049477121,New Incorporation,,,,2025-10-16
L97480643296141659681,New Incorporation,,,,2025-10-16
L41541975928326760047,New Incorporation,,,,2025-10-16
L92397085124581466327,New Incorporation,,,,2025-10-16
L36910004961973297122,New Incorporation,,,,2025-10-16
L33484142979913434932,New Incorporation,,,,2025-10-16
U08937470731514125052,New Incorporation,,,,2025-10-16
L68568382722289253124,New Incorporation,,,,2025-10-16
L15067972602584488549,New Incorporation,,,,2025-10-16
L88273969764074212819,New Incorporation,,,,2025-10-16
L57422515576785292043,New Incorporation,,,,2025-10-16
U81331278591167759708,New Incorporation,,,,2025-10-16
U42886819799902779761,New Incorporation,,,,2025-10-16
U76515810452761608651,New Incorporation,,,,2025-10-16
L85598198222096961536,New Incorporation,,,,2025-10-16
L16819582746271716160,New Incorporation,,,,2025-10-16
L95142681679763398984,New Incorporation,,,,2025-10-16
U21290812493454905821,New Incorporation,,,,2025-10-16
L59215494949426531803,New Incorporation,,,,2025-10-16
L13106753527914051359,New Incorporation,,,,2025-10-16
L58803062178659584415,New Incorporation,,,,2025-10-16
L30764946475481072697,New Incorporation,,,,2025-10-16
L42694702284880143986,New Incorporation,,,,2025-10-16
U31993325089222671047,New Incorporation,,,,2025-10-16
U84445153788729308452,New Incorporation,,,,2025-10-16
L63858031538200884187,New Incorporation,,,,2025-10-16
L65391033053000797167,New Incorporation,,,,2025-10-16
U79797378618742612833,New Incorporation,,,,2025-10-16
U87784424743765449137,New Incorporation,,,,2025-10-16
U74351118929397399648,New Incorporation,,,,2025-10-16
L01885533420060029331,New Incorporation,,,,2025-10-16
U17654362710184726176,New Incorporation,,,,2025-10-16
U45494234151303671206,New Incorporation,,,,2025-10-16
L49121062667049860723,New Incorporation,,,,2025-10-16
L16517644688859520630,New Incorporation,,,,2025-10-16
L23476829009011687312,New Incorporation,,,,2025-10-16
L97485708820778589834,New Incorporation,,,,2025-10-16
U40708921083006166986,New Incorporation,,,,2025-10-16
U31262495535266316201,New Incorporation,,,,2025-10-16
U40939414937049099370,New Incorporation,,,,2025-10-16
U09405996093808745635,New Incorporation,,,,2025-10-16
L83731984310651737649,New Incorporation,,,,2025-10-16
U79213028660696367291,New Incorporation,,,,2025-10-16
L70455424715877767511,New Incorporation,,,,2025-10-16
L84023255968986024955,New Incorporation,,,,2025-10-16
U42692616845929442752,New Incorporation,,,,2025-10-16
U88829997254720898213,New Incorporation,,,,2025-10-16
U51186646894802631267,New Incorporation,,,,2025-10-16
L89665257780022979011,New Incorporation,,,,2025-10-16
L43365759699450272023,New Incorporation,,,,2025-10-16
U49190607868956282538,New Incorporation,,,,2025-10-16
U05933713109275615773,New Incorporation,,,,2025-10-16
L65558105972908027237,New Incorporation,,,,2025-10-16
U12273294387674360576,New Incorporation,,,,2025-10-16
L76004181891325388982,New Incorporation,,,,2025-10-16
L36287300007252461552,New Incorporation,,,,2025-10-16
U26512994931374492751,New Incorporation,,,,2025-10-16
L41054282148752540468,New Incorporation,,,,2025-10-16
U52567115740098390711,New Incorporation,,,,2025-10-16
U59088037179880837825,New Incorporation,,,,2025-10-16
L87270932563681242797,New Incorporation,,,,2025-10-16
L78358583783479562679,New Incorporation,,,,2025-10-16
L77592206439335774538,New Incorporation,,,,2025-10-16
L82935742538236635251,New Incorporation,,,,2025-10-16
U44607947994692154893,New Incorporation,,,,2025-10-16
U56536915418626563977,New Incorporation,,,,2025-10-16
L53096855834447099278,New Incorporation,,,,2025-10-16
U44038724467861771590,New Incorporation,,,,2025-10-16
U59238894687674440547,New Incorporation,,,,2025-10-16
U16924259271277079165,New Incorporation,,,,2025-10-16
L57662196300344025960,New Incorporation,,,,2025-10-16
L09703556443569908768,New Incorporation,,,,2025-10-16
U20970221492273320706,New Incorporation,,,,2025-10-16
L55600114015230437290,New Incorporation,,,,2025-10-16
L23171566078673720758,New Incorporation,,,,2025-10-16
U54620819279825606347,New Incorporation,,,,2025-10-16
U71541438056543484976,New Incorporation,,,,2025-10-16
U67103395002454481058,New Incorporation,,,,2025-10-16
L21620925248610636563,New Incorporation,,,,2025-10-16
L34647668775674916929,New Incorporation,,,,2025-10-16
U32464373195120481641,New Incorporation,,,,2025-10-16
U21940209732787527448,New Incorporation,,,,2025-10-16
L30877956582229283686,New Incorporation,,,,2025-10-16
L33871656345818903485,New Incorporation,,,,2025-10-16
U13872712499703004505,New Incorporation,,,,2025-10-16
L84622275887053328109,New Incorporation,,,,2025-10-16
U60877642869975472612,New Incorporation,,,,2025-10-16
L73341046981761462159,New Incorporation,,,,2025-10-16
U63085824851080404466,New Incorporation,,,,2025-10-16
L82040761846307025771,New Incorporation,,,,2025-10-16
L19896329284241391170,New Incorporation,,,,2025-10-16
U55910929452841957535,New Incorporation,,,,2025-10-16
L01219608137286922449,New Incorporation,,,,2025-10-16
L05654528419962028462,New Incorporation,,,,2025-10-16
U06576322388140317343,New Incorporation,,,,2025-10-16
L29501775215095868148,New Incorporation,,,,2025-10-16
L39373874879330374534,New Incorporation,,,,2025-10-16
L32198260701031001511,New Incorporation,,,,2025-10-16
L82951144616457936591,New Incorporation,,,,2025-10-16
L48411984793133895954,New Incorporation,,,,2025-10-16
L60069869471858127096,New Incorporation,,,,2025-10-16
L19381707240052735987,New Incorporation,,,,2025-10-16
L83880483431911029030,New Incorporation,,,,2025-10-16
L43632870687753728116,New Incorporation,,,,2025-10-16
U38644019275940822131,New Incorporation,,,,2025-10-16
L74430810540662753999,New Incorporation,,,,2025-10-16
L91627783928815241321,New Incorporation,,,,2025-10-16
L50195505879435459267,New Incorporation,,,,2025-10-16
L56435734653393047642,New Incorporation,,,,2025-10-16
L86504203112776583076,New Incorporation,,,,2025-10-16
U11647197697275154206,New Incorporation,,,,2025-10-16
U07043647043249272088,New Incorporation,,,,2025-10-16
U49852985337605728915,New Incorporation,,,,2025-10-16
U42995386351263968404,New Incorporation,,,,2025-10-16
L77210590488366348669,New Incorporation,,,,2025-10-16
U86420848934310734577,New Incorporation,,,,2025-10-16
L10588835954160544786,New Incorporation,,,,2025-10-16
U54429057177979297328,New Incorporation,,,,2025-10-16
U72954786550475044278,New Incorporation,,,,2025-10-16
L27300928618912912588,New Incorporation,,,,2025-10-16
L64390996004852265854,New Incorporation,,,,2025-10-16
L70111537093948423960,New Incorporation,,,,2025-10-16
L72950677290858600548,New Incorporation,,,,2025-10-16
L38319210536690879074,New Incorporation,,,,2025-10-16
U91008021300336777808,New Incorporation,,,,2025-10-16
L53142234155717736600,New Incorporation,,,,2025-10-16
L68029845787290461032,New Incorporation,,,,2025-10-16
L52847676216221370044,New Incorporation,,,,2025-10-16
U94600395809487691879,New Incorporation,,,,2025-10-16
L60676469181147585407,New Incorporation,,,,2025-10-16
L65864598085340674179,New Incorporation,,,,2025-10-16
U99516209289553746844,New Incorporation,,,,2025-10-16
L15547911682625205204,New Incorporation,,,,2025-10-16
U31860419561528322187,New Incorporation,,,,2025-10-16
L93551130866220223329,New Incorporation,,,,2025-10-16
U40654005969908341971,New Incorporation,,,,2025-10-16
L55229806967570083259,New Incorporation,,,,2025-10-16
U28502385307175754499,New Incorporation,,,,2025-10-16
L91446015139569475435,New Incorporation,,,,2025-10-16
L69785719717126824861,New Incorporation,,,,2025-10-16
U12942447987202082752,New Incorporation,,,,2025-10-16
U36967339442447674178,New Incorporation,,,,2025-10-16
U43016924775418010334,New Incorporation,,,,2025-10-16
U54055222269199129626,New Incorporation,,,,2025-10-16
U97019509267320895580,New Incorporation,,,,2025-10-16
L48926839920801843881,New Incorporation,,,,2025-10-16
L01325449668721095321,New Incorporation,,,,2025-10-16
U36726270059835405822,New Incorporation,,,,2025-10-16
L77507310613390105207,New Incorporation,,,,2025-10-16
L33972210788740856745,New Incorporation,,,,2025-10-16
L49818898993477090956,New Incorporation,,,,2025-10-16
L20799697021042975988,New Incorporation,,,,2025-10-16
U51281283012885524399,New Incorporation,,,,2025-10-16
U11609193039480418512,New Incorporation,,,,2025-10-16
U87201165178630337331,New Incorporation,,,,2025-10-16
U22253740805029496978,New Incorporation,,,,2025-10-16
U45059235785648395404,New Incorporation,,,,2025-10-16
U10965448852634669704,New Incorporation,,,,2025-10-16
L62373833406880523737,New Incorporation,,,,2025-10-16
U05826572232835774459,New Incorporation,,,,2025-10-16
L54510669911097707830,Deregistered/Struck Off,,,,2025-10-16
U45167856085398012011,Deregistered/Struck Off,,,,2025-10-16
L84712569726795358214,Deregistered/Struck Off,,,,2025-10-16
L47240834216492195952,Deregistered/Struck Off,,,,2025-10-16
L14797218271205630284,Deregistered/Struck Off,,,,2025-10-16
U85071325148211851201,Deregistered/Struck Off,,,,2025-10-16
L66538201215644657811,Deregistered/Struck Off,,,,2025-10-16
U15579480896329502182,Deregistered/Struck Off,,,,2025-10-16
U90611785006728332780,Deregistered/Struck Off,,,,2025-10-16
U20451253843159162847,Deregistered/Struck Off,,,,2025-10-16
L61157040565827264038,Deregistered/Struck Off,,,,2025-10-16
L02042128721403704356,Deregistered/Struck Off,,,,2025-10-16
L26116528959950395540,Deregistered/Struck Off,,,,2025-10-16
U16389867241967869978,Deregistered/Struck Off,,,,2025-10-16
U52893931236277913700,Deregistered/Struck Off,,,,2025-10-16
U90388385095815137686,Deregistered/Struck Off,,,,2025-10-16
L96064810879547746031,Deregistered/Struck Off,,,,2025-10-16
L70983740874378636529,Deregistered/Struck Off,,,,2025-10-16
U40203923825568607489,Deregistered/Struck Off,,,,2025-10-16
U30525531812906080462,Deregistered/Struck Off,,,,2025-10-16
L60615749277374426880,Deregistered/Struck Off,,,,2025-10-16
L58966327633060993220,Deregistered/Struck Off,,,,2025-10-16
U62110426081793586761,Deregistered/Struck Off,,,,2025-10-16
U83214376512988421759,Deregistered/Struck Off,,,,2025-10-16
L01655569881149622322,Deregistered/Struck Off,,,,2025-10-16
U91226786751028610125,Deregistered/Struck Off,,,,2025-10-16
L30663496533191343213,Deregistered/Struck Off,,,,2025-10-16
L68311163303513681757,Deregistered/Struck Off,,,,2025-10-16
U75201494900816936740,Deregistered/Struck Off,,,,2025-10-16
U53083171457003486674,Deregistered/Struck Off,,,,2025-10-16
L84706672080581313102,Deregistered/Struck Off,,,,2025-10-16
U02349832909569703410,Deregistered/Struck Off,,,,2025-10-16
L07133716284740896364,Deregistered/Struck Off,,,,2025-10-16
L37775834341497866519,Deregistered/Struck Off,,,,2025-10-16
L68201599829101261416,Deregistered/Struck Off,,,,2025-10-16
L09307023759671972626,Deregistered/Struck Off,,,,2025-10-16
L11786282482603367046,Deregistered/Struck Off,,,,2025-10-16
U19798067232682575161,Deregistered/Struck Off,,,,2025-10-16
U82660147562582564977,Deregistered/Struck Off,,,,2025-10-16
U96086986159321575841,Deregistered/Struck Off,,,,2025-10-16
L35326731920729694946,Deregistered/Struck Off,,,,2025-10-16
U75433383895969272094,Deregistered/Struck Off,,,,2025-10-16
L26988812641295680672,Deregistered/Struck Off,,,,2025-10-16
L77003108201746505637,Deregistered/Struck Off,,,,2025-10-16
L47988086870772072204,Deregistered/Struck Off,,,,2025-10-16
L44400775311843906254,Deregistered/Struck Off,,,,2025-10-16
L61734744568659391894,Deregistered/Struck Off,,,,2025-10-16
L02528641846838051742,Deregistered/Struck Off,,,,2025-10-16
U10058641010257298946,Deregistered/Struck Off,,,,2025-10-16
L34916315191606940560,Deregistered/Struck Off,,,,2025-10-16
U98047061668536631874,Deregistered/Struck Off,,,,2025-10-16
L32360529691130286631,Deregistered/Struck Off,,,,2025-10-16
L65256500851017466131,Deregistered/Struck Off,,,,2025-10-16
U36473531007347677591,Deregistered/Struck Off,,,,2025-10-16
U63054887617259654318,Deregistered/Struck Off,,,,2025-10-16
L85798268164730975727,Deregistered/Struck Off,,,,2025-10-16
L85584843110920568633,Deregistered/Struck Off,,,,2025-10-16
L54572170190471336082,Deregistered/Struck Off,,,,2025-10-16
L46072057202478837424,Deregistered/Struck Off,,,,2025-10-16
U18294636799342472490,Deregistered/Struck Off,,,,2025-10-16
L27822016264974286469,Deregistered/Struck Off,,,,2025-10-16
U23212583505283635619,Deregistered/Struck Off,,,,2025-10-16
L10869034442434647724,Deregistered/Struck Off,,,,2025-10-16
L03179890159617987856,Deregistered/Struck Off,,,,2025-10-16
L07905825246933640915,Deregistered/Struck Off,,,,2025-10-16
L46634971053926739517,Deregistered/Struck Off,,,,2025-10-16
U46157030097690130277,Deregistered/Struck Off,,,,2025-10-16
L05691328615825223870,Deregistered/Struck Off,,,,2025-10-16
L13624792386033858554,Deregistered/Struck Off,,,,2025-10-16
L45284704203460218959,Deregistered/Struck Off,,,,2025-10-16
L62924488944575580399,Deregistered/Struck Off,,,,2025-10-16
U90043032180634940581,Deregistered/Struck Off,,,,2025-10-16
L53228584174138331516,Deregistered/Struck Off,,,,2025-10-16
L18735272162827180216,Deregistered/Struck Off,,,,2025-10-16
L35097041584312577449,Deregistered/Struck Off,,,,2025-10-16
U51333666614914525439,Deregistered/Struck Off,,,,2025-10-16
U65504926924629157387,Deregistered/Struck Off,,,,2025-10-16
L14464582279592111440,Deregistered/Struck Off,,,,2025-10-16
L50355259588138379228,Deregistered/Struck Off,,,,2025-10-16
U34507598463553574183,Deregistered/Struck Off,,,,2025-10-16
U17247884166774033272,Deregistered/Struck Off,,,,2025-10-16
L94173848394872023106,Deregistered/Struck Off,,,,2025-10-16
L91772661821217424765,Deregistered/Struck Off,,,,2025-10-16
U12986021087410610166,Deregistered/Struck Off,,,,2025-10-16
L24009860727406455781,Deregistered/Struck Off,,,,2025-10-16
L43155085233292236380,Deregistered/Struck Off,,,,2025-10-16
L76462151254782922506,Deregistered/Struck Off,,,,2025-10-16
L72625526279303635804,Deregistered/Struck Off,,,,2025-10-16
U44781600396110916859,Deregistered/Struck Off,,,,2025-10-16
L93417181867165363196,Deregistered/Struck Off,,,,2025-10-16
U03879808298008536496,Deregistered/Struck Off,,,,2025-10-16
U97845346895573264115,Deregistered/Struck Off,,,,2025-10-16
U70419498370757527494,Deregistered/Struck Off,,,,2025-10-16
U38857939721547092693,Deregistered/Struck Off,,,,2025-10-16
L74817268473005791328,Deregistered/Struck Off,,,,2025-10-16
U68379614882216546348,Deregistered/Struck Off,,,,2025-10-16
L43172369812390614021,Deregistered/Struck Off,,,,2025-10-16
L14452705306833525699,Deregistered/Struck Off,,,,2025-10-16
L99153142573345656839,Deregistered/Struck Off,,,,2025-10-16
L77653080326443043971,Deregistered/Struck Off,,,,2025-10-16
L85667322972714464828,Deregistered/Struck Off,,,,2025-10-16
L51177596084817632339,Deregistered/Struck Off,,,,2025-10-16
L12630487898634002713,Deregistered/Struck Off,,,,2025-10-16
U21434738696757299050,Deregistered/Struck Off,,,,2025-10-16
L05007195557325315948,Deregistered/Struck Off,,,,2025-10-16
L76056319860723405951,Deregistered/Struck Off,,,,2025-10-16
L14919895787445071582,Deregistered/Struck Off,,,,2025-10-16
U22492797139033982188,Deregistered/Struck Off,,,,2025-10-16
U56180025418933479343,Deregistered/Struck Off,,,,2025-10-16
L63584741316626008545,Deregistered/Struck Off,,,,2025-10-16
L73573282811152830304,Deregistered/Struck Off,,,,2025-10-16
L12365785631883295203,Deregistered/Struck Off,,,,2025-10-16
L64412651511121385076,Deregistered/Struck Off,,,,2025-10-16
L00803956156991196072,Deregistered/Struck Off,,,,2025-10-16
L02021426761996926019,Deregistered/Struck Off,,,,2025-10-16
L47991987203729163541,Deregistered/Struck Off,,,,2025-10-16
L41969337581457366302,Deregistered/Struck Off,,,,2025-10-16
U11630712426616598816,Deregistered/Struck Off,,,,2025-10-16
U99929504957821377232,Deregistered/Struck Off,,,,2025-10-16
L21324797674995705543,Deregistered/Struck Off,,,,2025-10-16
U38448716098213321434,Deregistered/Struck Off,,,,2025-10-16
L59392138347125630680,Deregistered/Struck Off,,,,2025-10-16
L99976105702098678291,Deregistered/Struck Off,,,,2025-10-16
U94931699104000589048,Deregistered/Struck Off,,,,2025-10-16
L80698407456966062494,Deregistered/Struck Off,,,,2025-10-16
L99470406697687729330,Deregistered/Struck Off,,,,2025-10-16
L31023944697864879897,Deregistered/Struck Off,,,,2025-10-16
U12662108928395695055,Deregistered/Struck Off,,,,2025-10-16
L40019828595697275525,Deregistered/Struck Off,,,,2025-10-16
L16926983010446882223,Deregistered/Struck Off,,,,2025-10-16
U53015326617096902291,Deregistered/Struck Off,,,,2025-10-16
L28970567103012357830,Deregistered/Struck Off,,,,2025-10-16
L55148039920000141382,Deregistered/Struck Off,,,,2025-10-16
L48099727418367656390,Deregistered/Struck Off,,,,2025-10-16
U07346796139098229892,Deregistered/Struck Off,,,,2025-10-16
L04135895917489830887,Deregistered/Struck Off,,,,2025-10-16
L11354090522600927093,Deregistered/Struck Off,,,,2025-10-16
L69971807334747909852,Deregistered/Struck Off,,,,2025-10-16
L70667949887550533134,Deregistered/Struck Off,,,,2025-10-16
L08994825647955671680,Deregistered/Struck Off,,,,2025-10-16
U33418191982963539602,Deregistered/Struck Off,,,,2025-10-16
L65678944326461888498,Deregistered/Struck Off,,,,2025-10-16
U63913356290280715261,Deregistered/Struck Off,,,,2025-10-16
U97495997593261609480,Deregistered/Struck Off,,,,2025-10-16
U12319690218724254197,Deregistered/Struck Off,,,,2025-10-16
L34337102839413113569,Deregistered/Struck Off,,,,2025-10-16
L80927544560823909211,Deregistered/Struck Off,,,,2025-10-16
U73801590379485055575,Deregistered/Struck Off,,,,2025-10-16
L32360601308500533568,Deregistered/Struck Off,,,,2025-10-16
L41627342481697239198,Deregistered/Struck Off,,,,2025-10-16
L40647786027270434793,Deregistered/Struck Off,,,,2025-10-16
L87990684178647530572,Deregistered/Struck Off,,,,2025-10-16
L69814533313050950597,Deregistered/Struck Off,,,,2025-10-16
U17143079233428393576,Deregistered/Struck Off,,,,2025-10-16
L07320122597511600684,Deregistered/Struck Off,,,,2025-10-16
U65751882812537051501,Deregistered/Struck Off,,,,2025-10-16
L68221908557484158293,Deregistered/Struck Off,,,,2025-10-16
U04243132097439432430,Deregistered/Struck Off,,,,2025-10-16
U89818228676873141314,Deregistered/Struck Off,,,,2025-10-16
U75665988689220431827,Deregistered/Struck Off,,,,2025-10-16
U30260405825351365860,Deregistered/Struck Off,,,,2025-10-16
L11031886526083552392,Deregistered/Struck Off,,,,2025-10-16
U97844660476171902252,Deregistered/Struck Off,,,,2025-10-16
L37291633981067213114,Deregistered/Struck Off,,,,2025-10-16
L43755052595102436376,Deregistered/Struck Off,,,,2025-10-16
L18528859577563037716,Deregistered/Struck Off,,,,2025-10-16
U01781642850463794888,Deregistered/Struck Off,,,,2025-10-16
L96223950577552167954,Deregistered/Struck Off,,,,2025-10-16
L35069623563988895113,Deregistered/Struck Off,,,,2025-10-16
L96601673592626721537,Deregistered/Struck Off,,,,2025-10-16
U43937429305935148720,Deregistered/Struck Off,,,,2025-10-16
L92747168626702452342,Deregistered/Struck Off,,,,2025-10-16
U49892578620352050805,Deregistered/Struck Off,,,,2025-10-16
L70113818697048315127,Deregistered/Struck Off,,,,2025-10-16
U21267402393098931833,Deregistered/Struck Off,,,,2025-10-16
U38617687201135383559,Deregistered/Struck Off,,,,2025-10-16
L05430632619037580045,Deregistered/Struck Off,,,,2025-10-16
L06133732924564634585,Deregistered/Struck Off,,,,2025-10-16
U13602018943372315835,Deregistered/Struck Off,,,,2025-10-16
L67693026620985600367,Deregistered/Struck Off,,,,2025-10-16
L52134327931103986966,Deregistered/Struck Off,,,,2025-10-16
L87117068265669029042,Deregistered/Struck Off,,,,2025-10-16
L80926382426486138198,Deregistered/Struck Off,,,,2025-10-16
U42236404456411306029,Deregistered/Struck Off,,,,2025-10-16
U60148032449148491656,Deregistered/Struck Off,,,,2025-10-16
L17702984539175480454,Deregistered/Struck Off,,,,2025-10-16
L30113718810998172009,Deregistered/Struck Off,,,,2025-10-16
L43731318783026078748,Deregistered/Struck Off,,,,2025-10-16
U66634207968934468760,Deregistered/Struck Off,,,,2025-10-16
L01587406456292458403,Deregistered/Struck Off,,,,2025-10-16
U56336570966669978816,Deregistered/Struck Off,,,,2025-10-16
L48656940843540137461,Deregistered/Struck Off,,,,2025-10-16
L11043912663445814239,Deregistered/Struck Off,,,,2025-10-16
L19190708569692187968,Deregistered/Struck Off,,,,2025-10-16
L62754377084355176045,Deregistered/Struck Off,,,,2025-10-16
U52140862352658432902,Deregistered/Struck Off,,,,2025-10-16
U46254095701318977343,Deregistered/Struck Off,,,,2025-10-16
L93505519985611198230,Deregistered/Struck Off,,,,2025-10-16
U27537891544927747972,Deregistered/Struck Off,,,,2025-10-16
U03074078918762164531,Deregistered/Struck Off,,,,2025-10-16
L34925240262461234883,Deregistered/Struck Off,,,,2025-10-16
L85776290499191627875,Deregistered/Struck Off,,,,2025-10-16
L81771363359592891568,Deregistered/Struck Off,,,,2025-10-16
L32932283894640145619,Deregistered/Struck Off,,,,2025-10-16
L48471222566620522283,Deregistered/Struck Off,,,,2025-10-16
U65833572776641197572,Deregistered/Struck Off,,,,2025-10-16
U05709822308293030446,Deregistered/Struck Off,,,,2025-10-16
L37116406695371112501,Deregistered/Struck Off,,,,2025-10-16
L08823397513023724031,Deregistered/Struck Off,,,,2025-10-16
L10120894747636528984,Deregistered/Struck Off,,,,2025-10-16
L50459163424395129068,Deregistered/Struck Off,,,,2025-10-16
U85126224224480084318,Deregistered/Struck Off,,,,2025-10-16
L80230071769915521054,Deregistered/Struck Off,,,,2025-10-16
L99509921314356117846,Deregistered/Struck Off,,,,2025-10-16
L29445795077881120338,Deregistered/Struck Off,,,,2025-10-16
L12002420079121260979,Deregistered/Struck Off,,,,2025-10-16
L72493339752945457649,Deregistered/Struck Off,,,,2025-10-16
L12765440587905258575,Deregistered/Struck Off,,,,2025-10-16
L17402973691644585768,Deregistered/Struck Off,,,,2025-10-16
L09721868189889939252,Deregistered/Struck Off,,,,2025-10-16
L43634400221150545460,Deregistered/Struck Off,,,,2025-10-16
U77525523101694821316,Deregistered/Struck Off,,,,2025-10-16
U21857980048661231984,Deregistered/Struck Off,,,,2025-10-16
L31143083461719411337,Deregistered/Struck Off,,,,2025-10-16
L09037415412866573737,Deregistered/Struck Off,,,,2025-10-16
U51008342373885196852,Deregistered/Struck Off,,,,2025-10-16
U68689876224696070314,Deregistered/Struck Off,,,,2025-10-16
L00256555257140042320,Deregistered/Struck Off,,,,2025-10-16
U04118965091621577154,Deregistered/Struck Off,,,,2025-10-16
L83826578402975783009,Deregistered/Struck Off,,,,2025-10-16
L56874670761152076301,Deregistered/Struck Off,,,,2025-10-16
L72031731559351919376,Deregistered/Struck Off,,,,2025-10-16
U87697582998368118284,Deregistered/Struck Off,,,,2025-10-16
L49212313354662866192,Deregistered/Struck Off,,,,2025-10-16
L52049340045418449824,Deregistered/Struck Off,,,,2025-10-16
L04493568056274848938,Deregistered/Struck Off,,,,2025-10-16
U54692132364356462625,Deregistered/Struck Off,,,,2025-10-16
L99235281651259300273,Deregistered/Struck Off,,,,2025-10-16
U41947173990406722632,Deregistered/Struck Off,,,,2025-10-16
L24829674252812697444,Deregistered/Struck Off,,,,2025-10-16
L01891488700879862214,Deregistered/Struck Off,,,,2025-10-16
L29822619660914329768,Deregistered/Struck Off,,,,2025-10-16
U04225373732449907779,Deregistered/Struck Off,,,,2025-10-16
L95029184517577061713,Deregistered/Struck Off,,,,2025-10-16
L84808474571284489236,Deregistered/Struck Off,,,,2025-10-16
L96028615839126364774,Deregistered/Struck Off,,,,2025-10-16
L44334985783643620681,Deregistered/Struck Off,,,,2025-10-16
L35827639269892987273,Deregistered/Struck Off,,,,2025-10-16
U70475808099202118703,Deregistered/Struck Off,,,,2025-10-16
L12127569950209884388,Deregistered/Struck Off,,,,2025-10-16
U00498722020704863881,Deregistered/Struck Off,,,,2025-10-16
U74482268510109989762,Deregistered/Struck Off,,,,2025-10-16
U77544013560708365816,Deregistered/Struck Off,,,,2025-10-16
U34289869166482305301,Deregistered/Struck Off,,,,2025-10-16
L79154422599602092482,Deregistered/Struck Off,,,,2025-10-16
L48452793349876488991,Deregistered/Struck Off,,,,2025-10-16
U81301490635751077850,Deregistered/Struck Off,,,,2025-10-16
U03168534039285323740,Deregistered/Struck Off,,,,2025-10-16
L86123397995289784234,Deregistered/Struck Off,,,,2025-10-16
L90533048573866715627,Deregistered/Struck Off,,,,2025-10-16
U00941560574695369899,Deregistered/Struck Off,,,,2025-10-16
L02110442859595199752,Deregistered/Struck Off,,,,2025-10-16
U31488674425021683679,Deregistered/Struck Off,,,,2025-10-16
L80861414641495415513,Deregistered/Struck Off,,,,2025-10-16
L04202449706423273212,Deregistered/Struck Off,,,,2025-10-16
U51306791947747543430,Deregistered/Struck Off,,,,2025-10-16
U28624293722799669169,Deregistered/Struck Off,,,,2025-10-16
U18658648553048774822,Deregistered/Struck Off,,,,2025-10-16
U19662084179939642971,Deregistered/Struck Off,,,,2025-10-16
L51019544596861586127,Deregistered/Struck Off,,,,2025-10-16
U57858357821530788186,Deregistered/Struck Off,,,,2025-10-16
L13620775691468025650,Deregistered/Struck Off,,,,2025-10-16
U59982449633683355602,Deregistered/Struck Off,,,,2025-10-16
L74908737966053999196,Deregistered/Struck Off,,,,2025-10-16
U47425007699277096111,Deregistered/Struck Off,,,,2025-10-16
L95629196012343920695,Deregistered/Struck Off,,,,2025-10-16
L72124796667035810916,Deregistered/Struck Off,,,,2025-10-16
U98693792268330026831,Deregistered/Struck Off,,,,2025-10-16
U52481155718109167450,Deregistered/Struck Off,,,,2025-10-16
L34686499694261899056,Deregistered/Struck Off,,,,2025-10-16
L56497326307477476236,Deregistered/Struck Off,,,,2025-10-16
U15762057547100358004,Deregistered/Struck Off,,,,2025-10-16
L38057311904533448782,Deregistered/Struck Off,,,,2025-10-16
U07132172894824958711,Deregistered/Struck Off,,,,2025-10-16
L30469954313992907437,Deregistered/Struck Off,,,,2025-10-16
U65437709120297366409,Deregistered/Struck Off,,,,2025-10-16
L50804325124819714670,Deregistered/Struck Off,,,,2025-10-16
U47868249707609950141,Deregistered/Struck Off,,,,2025-10-16
L42207127733454616960,Deregistered/Struck Off,,,,2025-10-16
U48910771741662031371,Deregistered/Struck Off,,,,2025-10-16
L06632749633771122025,Deregistered/Struck Off,,,,2025-10-16
U23967186755834803689,Deregistered/Struck Off,,,,2025-10-16
L61246565040634073203,Deregistered/Struck Off,,,,2025-10-16
L69135489343772051127,Deregistered/Struck Off,,,,2025-10-16
L62790097895418578879,Deregistered/Struck Off,,,,2025-10-16
L52935623506098988316,Deregistered/Struck Off,,,,2025-10-16
L46767305431081855152,Deregistered/Struck Off,,,,2025-10-16
U92982189838266793224,Deregistered/Struck Off,,,,2025-10-16
L08739445677186337354,Deregistered/Struck Off,,,,2025-10-16
U04060019208974145038,Deregistered/Struck Off,,,,2025-10-16
L91894618833599950814,Deregistered/Struck Off,,,,2025-10-16
L22555577809742925791,Deregistered/Struck Off,,,,2025-10-16
L63298070497567555471,Deregistered/Struck Off,,,,2025-10-16
U87183944350133783533,Deregistered/Struck Off,,,,2025-10-16
U96213269752516963736,Deregistered/Struck Off,,,,2025-10-16
U89074174992639597017,Deregistered/Struck Off,,,,2025-10-16
L74115805875278085530,Deregistered/Struck Off,,,,2025-10-16
L13061310651322230064,Deregistered/Struck Off,,,,2025-10-16
U92042075828802573485,Deregistered/Struck Off,,,,2025-10-16
U30271184405756310589,Deregistered/Struck Off,,,,2025-10-16
L26033466362519845396,Deregistered/Struck Off,,,,2025-10-16
L55161502163759348698,Deregistered/Struck Off,,,,2025-10-16
L47103382321370772995,Deregistered/Struck Off,,,,2025-10-16
L07429660814477665585,Deregistered/Struck Off,,,,2025-10-16
U77149726251557407804,Deregistered/Struck Off,,,,2025-10-16
L07662992106616708627,Deregistered/Struck Off,,,,2025-10-16
L41041671630204708248,Deregistered/Struck Off,,,,2025-10-16
U60842697992663980042,Deregistered/Struck Off,,,,2025-10-16
L76495618674211200697,Deregistered/Struck Off,,,,2025-10-16
L73136600212361647749,Deregistered/Struck Off,,,,2025-10-16
U59419961064033968101,Deregistered/Struck Off,,,,2025-10-16
U87369289319419590532,Deregistered/Struck Off,,,,2025-10-16
U62946701616816316404,Deregistered/Struck Off,,,,2025-10-16
L80045526897574793979,Deregistered/Struck Off,,,,2025-10-16
U56174604073314084519,Deregistered/Struck Off,,,,2025-10-16
U57854118112236813819,Deregistered/Struck Off,,,,2025-10-16
L06324508520819552517,Deregistered/Struck Off,,,,2025-10-16
L12440773692599804370,Deregistered/Struck Off,,,,2025-10-16
L12795263842112131981,Deregistered/Struck Off,,,,2025-10-16
U63672141949575321011,Deregistered/Struck Off,,,,2025-10-16
L77749543333554879584,Deregistered/Struck Off,,,,2025-10-16
L02432947306725167554,Deregistered/Struck Off,,,,2025-10-16
L46530399701719822528,Deregistered/Struck Off,,,,2025-10-16
U09445181148351381033,Deregistered/Struck Off,,,,2025-10-16
U24875818995834120311,Deregistered/Struck Off,,,,2025-10-16
U08856246004860477169,Deregistered/Struck Off,,,,2025-10-16
U36528342766762210431,Deregistered/Struck Off,,,,2025-10-16
L89346022174010586427,Deregistered/Struck Off,,,,2025-10-16
L70851744466969170163,Deregistered/Struck Off,,,,2025-10-16
U60654079002776471719,Deregistered/Struck Off,,,,2025-10-16
L63746926743772541751,Deregistered/Struck Off,,,,2025-10-16
L49055373774312233943,Deregistered/Struck Off,,,,2025-10-16
L93484611371960895095,Deregistered/Struck Off,,,,2025-10-16
U81340775472214225713,Deregistered/Struck Off,,,,2025-10-16
L11156513234681728932,Deregistered/Struck Off,,,,2025-10-16
U84343467137684574837,Deregistered/Struck Off,,,,2025-10-16
L65173872271835222917,Deregistered/Struck Off,,,,2025-10-16
L97872827986398221920,Deregistered/Struck Off,,,,2025-10-16
U96556722976943585705,Deregistered/Struck Off,,,,2025-10-16
L38973093254412513182,Deregistered/Struck Off,,,,2025-10-16
L56749505893908310269,Deregistered/Struck Off,,,,2025-10-16
L36430595603895135396,Deregistered/Struck Off,,,,2025-10-16
U98450515878972755529,Deregistered/Struck Off,,,,2025-10-16
L98922555441632733708,Deregistered/Struck Off,,,,2025-10-16
L04859649548571846909,Deregistered/Struck Off,,,,2025-10-16
L40700115640021495636,Deregistered/Struck Off,,,,2025-10-16
U03007107323400250160,Deregistered/Struck Off,,,,2025-10-16
U65437690513475144507,Deregistered/Struck Off,,,,2025-10-16
U83831355402450829217,Deregistered/Struck Off,,,,2025-10-16
L54509676809821543379,Deregistered/Struck Off,,,,2025-10-16
L93786028087054594544,Deregistered/Struck Off,,,,2025-10-16
L35570606272072102115,Deregistered/Struck Off,,,,2025-10-16
L20421895268801702674,Deregistered/Struck Off,,,,2025-10-16
L13410350084113135653,Deregistered/Struck Off,,,,2025-10-16
L41166502890176893360,Deregistered/Struck Off,,,,2025-10-16
U33958792565283182541,Deregistered/Struck Off,,,,2025-10-16
U36463903928437421717,Deregistered/Struck Off,,,,2025-10-16
U60677855123370933024,Deregistered/Struck Off,,,,2025-10-16
U73317183032567155949,Deregistered/Struck Off,,,,2025-10-16
L88341872828198784175,Deregistered/Struck Off,,,,2025-10-16
L49715498414365146648,Deregistered/Struck Off,,,,2025-10-16
L84914089985823530647,Deregistered/Struck Off,,,,2025-10-16
L99462577156628121831,Deregistered/Struck Off,,,,2025-10-16
L66921806311766497114,Deregistered/Struck Off,,,,2025-10-16
L51611025786354700591,Deregistered/Struck Off,,,,2025-10-16
U04580397982131026010,Deregistered/Struck Off,,,,2025-10-16
U96600344376869060697,Deregistered/Struck Off,,,,2025-10-16
L98009150443405671658,Deregistered/Struck Off,,,,2025-10-16
L75921679056821490589,Deregistered/Struck Off,,,,2025-10-16
L31267540725266847997,Deregistered/Struck Off,,,,2025-10-16
U01353399189774258767,Deregistered/Struck Off,,,,2025-10-16
L45953230300954320517,Deregistered/Struck Off,,,,2025-10-16
L61324814753972384518,Deregistered/Struck Off,,,,2025-10-16
L34859378941574078079,Deregistered/Struck Off,,,,2025-10-16
U24902242803993010526,Deregistered/Struck Off,,,,2025-10-16
U98606496875173763718,Deregistered/Struck Off,,,,2025-10-16
U09403055073102699746,Deregistered/Struck Off,,,,2025-10-16
U64316269616593474215,Deregistered/Struck Off,,,,2025-10-16
L54297762040564314831,Deregistered/Struck Off,,,,2025-10-16
U17039486786449548226,Deregistered/Struck Off,,,,2025-10-16
L71304808756204147812,Deregistered/Struck Off,,,,2025-10-16
L00159417868364428945,Deregistered/Struck Off,,,,2025-10-16
U45578455513000605155,Deregistered/Struck Off,,,,2025-10-16
U91663301897786891525,Deregistered/Struck Off,,,,2025-10-16
U35265209491663501513,Deregistered/Struck Off,,,,2025-10-16
L79777758254733994531,Deregistered/Struck Off,,,,2025-10-16
L11841880236931652554,Deregistered/Struck Off,,,,2025-10-16
L54480716591236717860,Deregistered/Struck Off,,,,2025-10-16
U16446838983218154435,Deregistered/Struck Off,,,,2025-10-16
L43485678471981453792,Deregistered/Struck Off,,,,2025-10-16
U42547885338378452441,Deregistered/Struck Off,,,,2025-10-16
L88969241929602432553,Deregistered/Struck Off,,,,2025-10-16
L31810798061540119950,Deregistered/Struck Off,,,,2025-10-16
U53284659465912120751,Deregistered/Struck Off,,,,2025-10-16
L47718301546855161670,Deregistered/Struck Off,,,,2025-10-16
L37360898671996025448,Deregistered/Struck Off,,,,2025-10-16
U71069882569817631745,Deregistered/Struck Off,,,,2025-10-16
U52840692993573879956,Deregistered/Struck Off,,,,2025-10-16
L08333131769111055005,Deregistered/Struck Off,,,,2025-10-16
U40956923999992079910,Deregistered/Struck Off,,,,2025-10-16
U31154834012443928056,Deregistered/Struck Off,,,,2025-10-16
L55806093655468596865,Deregistered/Struck Off,,,,2025-10-16
U69056765825310092310,Deregistered/Struck Off,,,,2025-10-16
U93428750369438725360,Deregistered/Struck Off,,,,2025-10-16
U95782546680543903963,Deregistered/Struck Off,,,,2025-10-16
U72714382498510061603,Deregistered/Struck Off,,,,2025-10-16
L74597588858241735540,Deregistered/Struck Off,,,,2025-10-16
L45845325434600018484,Deregistered/Struck Off,,,,2025-10-16
L24442938981776725060,Deregistered/Struck Off,,,,2025-10-16
L77641994661656730772,Deregistered/Struck Off,,,,2025-10-16
L28039582246474659123,Deregistered/Struck Off,,,,2025-10-16
L62583355202775618214,Deregistered/Struck Off,,,,2025-10-16
L64982699461316108071,Deregistered/Struck Off,,,,2025-10-16
U45772856869800280047,Deregistered/Struck Off,,,,2025-10-16
U28577235161438166607,Deregistered/Struck Off,,,,2025-10-16
U95811611387173196594,Deregistered/Struck Off,,,,2025-10-16
L75890750346785983723,Deregistered/Struck Off,,,,2025-10-16
U93296425551966935335,Deregistered/Struck Off,,,,2025-10-16
U44602195590591352223,Deregistered/Struck Off,,,,2025-10-16
L33565079655458989798,Deregistered/Struck Off,,,,2025-10-16
L76862274375133550752,Deregistered/Struck Off,,,,2025-10-16
L03638774081594972559,Deregistered/Struck Off,,,,2025-10-16
U07634903009066312775,Deregistered/Struck Off,,,,2025-10-16
U28574165157030105503,Deregistered/Struck Off,,,,2025-10-16
L94371541907168879815,Deregistered/Struck Off,,,,2025-10-16
U93768701173813025804,Deregistered/Struck Off,,,,2025-10-16
U30732893381438488182,Deregistered/Struck Off,,,,2025-10-16
U03116225500568395238,Deregistered/Struck Off,,,,2025-10-16
L70167270811392356412,Deregistered/Struck Off,,,,2025-10-16
L44143020436493131728,Deregistered/Struck Off,,,,2025-10-16
L83816135111248589459,Deregistered/Struck Off,,,,2025-10-16
L44017292771705727088,Deregistered/Struck Off,,,,2025-10-16
U15062638427512796950,Deregistered/Struck Off,,,,2025-10-16
U92942429608848954273,Deregistered/Struck Off,,,,2025-10-16
U45468966307304737728,Deregistered/Struck Off,,,,2025-10-16
L37403287058630144757,Deregistered/Struck Off,,,,2025-10-16
L62703793113316527702,Deregistered/Struck Off,,,,2025-10-16
L60120871868553991645,Deregistered/Struck Off,,,,2025-10-16
L71066742752024204966,Deregistered/Struck Off,,,,2025-10-16
U06420950810655433297,Deregistered/Struck Off,,,,2025-10-16
U09282869094828489586,Deregistered/Struck Off,,,,2025-10-16
U18759686256123950846,Deregistered/Struck Off,,,,2025-10-16
L46742563839183390126,Deregistered/Struck Off,,,,2025-10-16
U34961983990736284428,Deregistered/Struck Off,,,,2025-10-16
L71126878503557011561,Deregistered/Struck Off,,,,2025-10-16
L07443528420951208717,Deregistered/Struck Off,,,,2025-10-16
L32153229278840940897,Deregistered/Struck Off,,,,2025-10-16
L25160188614311974711,Deregistered/Struck Off,,,,2025-10-16
L07568409642800025927,Deregistered/Struck Off,,,,2025-10-16
U78667520600896350653,Deregistered/Struck Off,,,,2025-10-16
U86081383206593553597,Deregistered/Struck Off,,,,2025-10-16
L47117986740312289312,Deregistered/Struck Off,,,,2025-10-16
L31897521330897652316,Deregistered/Struck Off,,,,2025-10-16
L19273692921550632718,Deregistered/Struck Off,,,,2025-10-16
L55807945502585508310,Deregistered/Struck Off,,,,2025-10-16
U76641539186542993272,Deregistered/Struck Off,,,,2025-10-16
U97991827722503028443,Deregistered/Struck Off,,,,2025-10-16
U06782894950885734466,Deregistered/Struck Off,,,,2025-10-16
L14326564546145549697,Deregistered/Struck Off,,,,2025-10-16
U69687116992082053037,Deregistered/Struck Off,,,,2025-10-16
L64978680825723663827,Deregistered/Struck Off,,,,2025-10-16
U04601846166648131708,Deregistered/Struck Off,,,,2025-10-16
L66828003852038286329,Deregistered/Struck Off,,,,2025-10-16
U42180806562203197266,Deregistered/Struck Off,,,,2025-10-16
L26257425792489921768,Deregistered/Struck Off,,,,2025-10-16
U15274296738504466571,Deregistered/Struck Off,,,,2025-10-16
L12435772301899156578,Deregistered/Struck Off,,,,2025-10-16
L19224419545048910989,Deregistered/Struck Off,,,,2025-10-16
L52286496806598038392,Deregistered/Struck Off,,,,2025-10-16
U47033467506257695880,Deregistered/Struck Off,,,,2025-10-16
U53700498127425544515,Deregistered/Struck Off,,,,2025-10-16
L85001820465044524644,Deregistered/Struck Off,,,,2025-10-16
U83816477337267793893,Deregistered/Struck Off,,,,2025-10-16
U75272820131333089612,Deregistered/Struck Off,,,,2025-10-16
L48911580888483153525,Deregistered/Struck Off,,,,2025-10-16
U78697708169943002072,Deregistered/Struck Off,,,,2025-10-16
L87468231865462414696,Deregistered/Struck Off,,,,2025-10-16
U50853326219737048035,Deregistered/Struck Off,,,,2025-10-16
L32212902832704064106,Deregistered/Struck Off,,,,2025-10-16
L08078801091974617570,Deregistered/Struck Off,,,,2025-10-16
L44531542322313919794,Deregistered/Struck Off,,,,2025-10-16
L84517206234086101227,Deregistered/Struck Off,,,,2025-10-16
U85691955111904714794,Deregistered/Struck Off,,,,2025-10-16
U86082838763830539242,Deregistered/Struck Off,,,,2025-10-16
L96069459646827161362,Deregistered/Struck Off,,,,2025-10-16
U16208490008759553492,Deregistered/Struck Off,,,,2025-10-16
L92003993873569730403,Deregistered/Struck Off,,,,2025-10-16
L43723060160255511594,Deregistered/Struck Off,,,,2025-10-16
L02254620274275240586,Deregistered/Struck Off,,,,2025-10-16
U72269685690616284671,Deregistered/Struck Off,,,,2025-10-16
